image_id,psnr,ssim,lpips,clip_score,delta_e,generation_time,success
00205,9.19832992553711,0.17229261994361877,0.7356051802635193,0.67041015625,29.706703186035156,54.64,True
00913,9.310086250305176,0.1419001817703247,0.9217507243156433,0.7001953125,27.87479019165039,5.98,True
05239,19.34463882446289,0.27404290437698364,0.1458987146615982,0.9296875,8.002249717712402,6.92,True
