{
  "summary": {
    "psnr": {
      "mean": 12.617685000101725,
      "std": 5.825980877530143,
      "min": 9.19832992553711,
      "max": 19.34463882446289,
      "median": 9.310086250305176,
      "count": 3
    },
    "ssim": {
      "mean": 0.1960785686969757,
      "std": 0.06920804362968291,
      "min": 0.1419001817703247,
      "max": 0.27404290437698364,
      "median": 0.17229261994361877,
      "count": 3
    },
    "lpips": {
      "mean": 0.6010848730802536,
      "std": 0.4050411954413591,
      "min": 0.1458987146615982,
      "max": 0.9217507243156433,
      "median": 0.7356051802635193,
      "count": 3
    },
    "clip_score": {
      "mean": 0.7667643229166666,
      "std": 0.14187938576976086,
      "min": 0.67041015625,
      "max": 0.9296875,
      "median": 0.7001953125,
      "count": 3
    },
    "delta_e": {
      "mean": 21.861247698465984,
      "std": 12.037144390495937,
      "min": 8.002249717712402,
      "max": 29.706703186035156,
      "median": 27.87479019165039,
      "count": 3
    },
    "generation_time": {
      "mean": 22.513333333333335,
      "std": 27.82647899633249,
      "min": 5.98,
      "max": 54.64,
      "median": 6.92,
      "count": 3
    },
    "total_images": 3,
    "successful": 3,
    "failed": 0
  },
  "per_image_results": [
    {
      "image_id": "00205",
      "psnr": 9.19832992553711,
      "ssim": 0.17229261994361877,
      "lpips": 0.7356051802635193,
      "clip_score": 0.67041015625,
      "delta_e": 29.706703186035156,
      "generation_time": 54.64,
      "success": true
    },
    {
      "image_id": "00913",
      "psnr": 9.310086250305176,
      "ssim": 0.1419001817703247,
      "lpips": 0.9217507243156433,
      "clip_score": 0.7001953125,
      "delta_e": 27.87479019165039,
      "generation_time": 5.98,
      "success": true
    },
    {
      "image_id": "05239",
      "psnr": 19.34463882446289,
      "ssim": 0.27404290437698364,
      "lpips": 0.1458987146615982,
      "clip_score": 0.9296875,
      "delta_e": 8.002249717712402,
      "generation_time": 6.92,
      "success": true
    }
  ]
}